{"accuracy": [0.02985553815960884, 0.028250401839613914, 0.03691813722252846, 0.04398074001073837, 0.05264847353100777, 0.0638844296336174, 0.08956661075353622, 0.1155698224902153, 0.14670947194099426, 0.17688603699207306, 0.21091492474079132, 0.2532905340194702, 0.32327449321746826, 0.37495988607406616, 0.4256821870803833, 0.46998393535614014, 0.5274478197097778, 0.5698234438896179, 0.6019261479377747, 0.6314606666564941, 0.6362760663032532, 0.6725521683692932, 0.7014446258544922, 0.7399678826332092, 0.7418940663337708, 0.7556982636451721, 0.7614767551422119, 0.77110755443573, 0.7942215204238892, 0.8057785034179688, 0.8125200867652893, 0.8346709609031677], "loss": [6.307884693145752, 3.5811591148376465, 3.572791337966919, 3.553504228591919, 3.523343801498413, 3.485630512237549, 3.4041130542755127, 3.2770144939422607, 3.1562418937683105, 2.989057779312134, 2.858185291290283, 2.6696131229400635, 2.4609599113464355, 2.2449092864990234, 2.0303449630737305, 1.8607434034347534, 1.663728952407837, 1.553515911102295, 1.457115888595581, 1.3119128942489624, 1.298474669456482, 1.1445361375808716, 1.1165275573730469, 0.9554792642593384, 0.9304177761077881, 0.8466967940330505, 0.8470626473426819, 0.8405488133430481, 0.7485998272895813, 0.7323663234710693, 0.6423008441925049, 0.6037289500236511], "val_accuracy": [0.03133903071284294, 0.03133903071284294, 0.04843304678797722, 0.0683760717511177, 0.09116809070110321, 0.1538461595773697, 0.17094017565250397, 0.23076923191547394, 0.3105413019657135, 0.34757834672927856, 0.4216524362564087, 0.5071225166320801, 0.5527065396308899, 0.6125355958938599, 0.6467236280441284, 0.68660968542099, 0.7236467003822327, 0.7549857497215271, 0.7549857497215271, 0.7749287486076355, 0.7977207899093628, 0.8148148059844971, 0.8005697727203369, 0.8347578644752502, 0.8433048725128174, 0.8233618140220642, 0.8404558300971985, 0.8717948794364929, 0.8632478713989258, 0.874643862247467, 0.8774929046630859, 0.9088318943977356], "val_loss": [3.5826220512390137, 3.5808422565460205, 3.557652235031128, 3.461808919906616, 3.4722142219543457, 3.2924320697784424, 3.2870426177978516, 3.0445380210876465, 2.71527361869812, 2.5504038333892822, 2.4575021266937256, 1.9871677160263062, 1.8277428150177002, 1.6019657850265503, 1.3724238872528076, 1.2818691730499268, 1.056723713874817, 1.0193712711334229, 0.9812585711479187, 0.9941719174385071, 0.9172080755233765, 0.8195180892944336, 0.8439536094665527, 0.7820963859558105, 0.7191100120544434, 0.8805941343307495, 0.7298933267593384, 0.7388623952865601, 0.6787109971046448, 0.6410548686981201, 0.7374700307846069, 0.555780291557312]}